trtest,condition,category,imgcode,modification,correct,certain
1,NaN,NaN,967,NaN,NaN,NaN
1,NaN,NaN,419,NaN,NaN,NaN
1,NaN,NaN,695,NaN,NaN,NaN
1,NaN,NaN,682,NaN,NaN,NaN
1,NaN,NaN,687,NaN,NaN,NaN
1,NaN,NaN,731,NaN,NaN,NaN
1,NaN,NaN,358,NaN,NaN,NaN
1,NaN,NaN,62,NaN,NaN,NaN
1,NaN,NaN,132,NaN,NaN,NaN
1,NaN,NaN,236,NaN,NaN,NaN
1,NaN,NaN,237,NaN,NaN,NaN
1,NaN,NaN,411,NaN,NaN,NaN
1,NaN,NaN,425,NaN,NaN,NaN
1,NaN,NaN,327,NaN,NaN,NaN
1,NaN,NaN,658,NaN,NaN,NaN
1,NaN,NaN,578,NaN,NaN,NaN
1,NaN,NaN,69,NaN,NaN,NaN
1,NaN,NaN,85,NaN,NaN,NaN
1,NaN,NaN,212,NaN,NaN,NaN
1,NaN,NaN,831,NaN,NaN,NaN
1,NaN,NaN,603,NaN,NaN,NaN
1,NaN,NaN,971,NaN,NaN,NaN
1,NaN,NaN,20,NaN,NaN,NaN
1,NaN,NaN,552,NaN,NaN,NaN
1,NaN,NaN,977,NaN,NaN,NaN
1,NaN,NaN,357,NaN,NaN,NaN
1,NaN,NaN,413,NaN,NaN,NaN
1,NaN,NaN,14,NaN,NaN,NaN
1,NaN,NaN,457,NaN,NaN,NaN
1,NaN,NaN,221,NaN,NaN,NaN
1,NaN,NaN,660,NaN,NaN,NaN
1,NaN,NaN,112,NaN,NaN,NaN
1,NaN,NaN,723,NaN,NaN,NaN
1,NaN,NaN,529,NaN,NaN,NaN
1,NaN,NaN,632,NaN,NaN,NaN
1,NaN,NaN,811,NaN,NaN,NaN
1,NaN,NaN,953,NaN,NaN,NaN
1,NaN,NaN,849,NaN,NaN,NaN
1,NaN,NaN,244,NaN,NaN,NaN
1,NaN,NaN,300,NaN,NaN,NaN
1,NaN,NaN,149,NaN,NaN,NaN
1,NaN,NaN,151,NaN,NaN,NaN
1,NaN,NaN,442,NaN,NaN,NaN
1,NaN,NaN,923,NaN,NaN,NaN
1,NaN,NaN,286,NaN,NaN,NaN
1,NaN,NaN,925,NaN,NaN,NaN
1,NaN,NaN,119,NaN,NaN,NaN
1,NaN,NaN,75,NaN,NaN,NaN
1,NaN,NaN,144,NaN,NaN,NaN
1,NaN,NaN,189,NaN,NaN,NaN
1,NaN,NaN,823,NaN,NaN,NaN
1,NaN,NaN,672,NaN,NaN,NaN
1,NaN,NaN,379,NaN,NaN,NaN
1,NaN,NaN,246,NaN,NaN,NaN
1,NaN,NaN,739,NaN,NaN,NaN
1,NaN,NaN,145,NaN,NaN,NaN
1,NaN,NaN,616,NaN,NaN,NaN
1,NaN,NaN,654,NaN,NaN,NaN
1,NaN,NaN,409,NaN,NaN,NaN
1,NaN,NaN,675,NaN,NaN,NaN
1,NaN,NaN,9,NaN,NaN,NaN
1,NaN,NaN,822,NaN,NaN,NaN
1,NaN,NaN,427,NaN,NaN,NaN
1,NaN,NaN,126,NaN,NaN,NaN
1,NaN,NaN,704,NaN,NaN,NaN
1,NaN,NaN,597,NaN,NaN,NaN
1,NaN,NaN,33,NaN,NaN,NaN
1,NaN,NaN,235,NaN,NaN,NaN
1,NaN,NaN,497,NaN,NaN,NaN
1,NaN,NaN,439,NaN,NaN,NaN
1,NaN,NaN,707,NaN,NaN,NaN
1,NaN,NaN,150,NaN,NaN,NaN
1,NaN,NaN,120,NaN,NaN,NaN
1,NaN,NaN,956,NaN,NaN,NaN
1,NaN,NaN,96,NaN,NaN,NaN
1,NaN,NaN,243,NaN,NaN,NaN
1,NaN,NaN,216,NaN,NaN,NaN
1,NaN,NaN,489,NaN,NaN,NaN
1,NaN,NaN,556,NaN,NaN,NaN
1,NaN,NaN,173,NaN,NaN,NaN
1,NaN,NaN,824,NaN,NaN,NaN
1,NaN,NaN,196,NaN,NaN,NaN
1,NaN,NaN,573,NaN,NaN,NaN
1,NaN,NaN,169,NaN,NaN,NaN
1,NaN,NaN,326,NaN,NaN,NaN
1,NaN,NaN,248,NaN,NaN,NaN
1,NaN,NaN,193,NaN,NaN,NaN
1,NaN,NaN,417,NaN,NaN,NaN
1,NaN,NaN,424,NaN,NaN,NaN
1,NaN,NaN,869,NaN,NaN,NaN
1,NaN,NaN,787,NaN,NaN,NaN
1,NaN,NaN,154,NaN,NaN,NaN
1,NaN,NaN,742,NaN,NaN,NaN
1,NaN,NaN,882,NaN,NaN,NaN
1,NaN,NaN,560,NaN,NaN,NaN
1,NaN,NaN,139,NaN,NaN,NaN
1,NaN,NaN,277,NaN,NaN,NaN
1,NaN,NaN,270,NaN,NaN,NaN
1,NaN,NaN,745,NaN,NaN,NaN
1,NaN,NaN,383,NaN,NaN,NaN
1,NaN,NaN,968,NaN,NaN,NaN
1,NaN,NaN,924,NaN,NaN,NaN
1,NaN,NaN,313,NaN,NaN,NaN
1,NaN,NaN,465,NaN,NaN,NaN
1,NaN,NaN,625,NaN,NaN,NaN
1,NaN,NaN,490,NaN,NaN,NaN
1,NaN,NaN,640,NaN,NaN,NaN
1,NaN,NaN,114,NaN,NaN,NaN
1,NaN,NaN,569,NaN,NaN,NaN
1,NaN,NaN,800,NaN,NaN,NaN
1,NaN,NaN,185,NaN,NaN,NaN
1,NaN,NaN,233,NaN,NaN,NaN
1,NaN,NaN,838,NaN,NaN,NaN
1,NaN,NaN,210,NaN,NaN,NaN
1,NaN,NaN,441,NaN,NaN,NaN
1,NaN,NaN,153,NaN,NaN,NaN
1,NaN,NaN,638,NaN,NaN,NaN
1,NaN,NaN,648,NaN,NaN,NaN
1,NaN,NaN,461,NaN,NaN,NaN
1,NaN,NaN,620,NaN,NaN,NaN
1,NaN,NaN,163,NaN,NaN,NaN
1,NaN,NaN,852,NaN,NaN,NaN
1,NaN,NaN,484,NaN,NaN,NaN
1,NaN,NaN,190,NaN,NaN,NaN
1,NaN,NaN,503,NaN,NaN,NaN
1,NaN,NaN,107,NaN,NaN,NaN
1,NaN,NaN,443,NaN,NaN,NaN
1,NaN,NaN,6,NaN,NaN,NaN
1,NaN,NaN,314,NaN,NaN,NaN
1,NaN,NaN,354,NaN,NaN,NaN
1,NaN,NaN,863,NaN,NaN,NaN
1,NaN,NaN,727,NaN,NaN,NaN
1,NaN,NaN,901,NaN,NaN,NaN
1,NaN,NaN,61,NaN,NaN,NaN
1,NaN,NaN,993,NaN,NaN,NaN
1,NaN,NaN,842,NaN,NaN,NaN
1,NaN,NaN,284,NaN,NaN,NaN
1,NaN,NaN,734,NaN,NaN,NaN
1,NaN,NaN,502,NaN,NaN,NaN
1,NaN,NaN,518,NaN,NaN,NaN
1,NaN,NaN,318,NaN,NaN,NaN
1,NaN,NaN,458,NaN,NaN,NaN
1,NaN,NaN,480,NaN,NaN,NaN
1,NaN,NaN,857,NaN,NaN,NaN
1,NaN,NaN,63,NaN,NaN,NaN
1,NaN,NaN,31,NaN,NaN,NaN
1,NaN,NaN,418,NaN,NaN,NaN
1,NaN,NaN,89,NaN,NaN,NaN
1,NaN,NaN,406,NaN,NaN,NaN
1,NaN,NaN,281,NaN,NaN,NaN
1,NaN,NaN,74,NaN,NaN,NaN
1,NaN,NaN,398,NaN,NaN,NaN
1,NaN,NaN,779,NaN,NaN,NaN
1,NaN,NaN,393,NaN,NaN,NaN
1,NaN,NaN,208,NaN,NaN,NaN
1,NaN,NaN,283,NaN,NaN,NaN
1,NaN,NaN,17,NaN,NaN,NaN
1,NaN,NaN,416,NaN,NaN,NaN
1,NaN,NaN,335,NaN,NaN,NaN
1,NaN,NaN,84,NaN,NaN,NaN
1,NaN,NaN,966,NaN,NaN,NaN
1,NaN,NaN,219,NaN,NaN,NaN
1,NaN,NaN,574,NaN,NaN,NaN
1,NaN,NaN,736,NaN,NaN,NaN
1,NaN,NaN,432,NaN,NaN,NaN
1,NaN,NaN,909,NaN,NaN,NaN
1,NaN,NaN,879,NaN,NaN,NaN
1,NaN,NaN,577,NaN,NaN,NaN
1,NaN,NaN,108,NaN,NaN,NaN
1,NaN,NaN,288,NaN,NaN,NaN
1,NaN,NaN,930,NaN,NaN,NaN
1,NaN,NaN,498,NaN,NaN,NaN
1,NaN,NaN,725,NaN,NaN,NaN
1,NaN,NaN,496,NaN,NaN,NaN
1,NaN,NaN,260,NaN,NaN,NaN
1,NaN,NaN,944,NaN,NaN,NaN
1,NaN,NaN,264,NaN,NaN,NaN
1,NaN,NaN,543,NaN,NaN,NaN
1,NaN,NaN,766,NaN,NaN,NaN
1,NaN,NaN,205,NaN,NaN,NaN
1,NaN,NaN,933,NaN,NaN,NaN
1,NaN,NaN,987,NaN,NaN,NaN
1,NaN,NaN,94,NaN,NaN,NaN
1,NaN,NaN,942,NaN,NaN,NaN
1,NaN,NaN,274,NaN,NaN,NaN
1,NaN,NaN,784,NaN,NaN,NaN
1,NaN,NaN,368,NaN,NaN,NaN
1,NaN,NaN,1,NaN,NaN,NaN
1,NaN,NaN,352,NaN,NaN,NaN
1,NaN,NaN,215,NaN,NaN,NaN
1,NaN,NaN,814,NaN,NaN,NaN
1,NaN,NaN,743,NaN,NaN,NaN
1,NaN,NaN,606,NaN,NaN,NaN
1,NaN,NaN,271,NaN,NaN,NaN
1,NaN,NaN,752,NaN,NaN,NaN
1,NaN,NaN,324,NaN,NaN,NaN
1,NaN,NaN,463,NaN,NaN,NaN
1,NaN,NaN,548,NaN,NaN,NaN
1,NaN,NaN,124,NaN,NaN,NaN
1,NaN,NaN,679,NaN,NaN,NaN
1,NaN,NaN,403,NaN,NaN,NaN
1,NaN,NaN,582,NaN,NaN,NaN
1,NaN,NaN,332,NaN,NaN,NaN
1,NaN,NaN,218,NaN,NaN,NaN
1,NaN,NaN,97,NaN,NaN,NaN
1,NaN,NaN,131,NaN,NaN,NaN
1,NaN,NaN,692,NaN,NaN,NaN
1,NaN,NaN,926,NaN,NaN,NaN
1,NaN,NaN,583,NaN,NaN,NaN
1,NaN,NaN,874,NaN,NaN,NaN
1,NaN,NaN,937,NaN,NaN,NaN
1,NaN,NaN,147,NaN,NaN,NaN
1,NaN,NaN,68,NaN,NaN,NaN
1,NaN,NaN,402,NaN,NaN,NaN
1,NaN,NaN,720,NaN,NaN,NaN
1,NaN,NaN,170,NaN,NaN,NaN
1,NaN,NaN,290,NaN,NaN,NaN
1,NaN,NaN,202,NaN,NaN,NaN
1,NaN,NaN,881,NaN,NaN,NaN
1,NaN,NaN,186,NaN,NaN,NaN
1,NaN,NaN,656,NaN,NaN,NaN
1,NaN,NaN,88,NaN,NaN,NaN
1,NaN,NaN,429,NaN,NaN,NaN
1,NaN,NaN,709,NaN,NaN,NaN
1,NaN,NaN,594,NaN,NaN,NaN
1,NaN,NaN,473,NaN,NaN,NaN
1,NaN,NaN,715,NaN,NaN,NaN
1,NaN,NaN,706,NaN,NaN,NaN
1,NaN,NaN,833,NaN,NaN,NaN
1,NaN,NaN,268,NaN,NaN,NaN
1,NaN,NaN,447,NaN,NaN,NaN
1,NaN,NaN,253,NaN,NaN,NaN
1,NaN,NaN,860,NaN,NaN,NaN
1,NaN,NaN,664,NaN,NaN,NaN
1,NaN,NaN,245,NaN,NaN,NaN
1,NaN,NaN,524,NaN,NaN,NaN
1,NaN,NaN,22,NaN,NaN,NaN
1,NaN,NaN,351,NaN,NaN,NaN
1,NaN,NaN,602,NaN,NaN,NaN
1,NaN,NaN,810,NaN,NaN,NaN
1,NaN,NaN,168,NaN,NaN,NaN
1,NaN,NaN,280,NaN,NaN,NaN
1,NaN,NaN,896,NaN,NaN,NaN
1,NaN,NaN,713,NaN,NaN,NaN
1,NaN,NaN,492,NaN,NaN,NaN
1,NaN,NaN,203,NaN,NaN,NaN
1,NaN,NaN,495,NaN,NaN,NaN
1,NaN,NaN,67,NaN,NaN,NaN
1,NaN,NaN,635,NaN,NaN,NaN
1,NaN,NaN,645,NaN,NaN,NaN
1,NaN,NaN,331,NaN,NaN,NaN
1,NaN,NaN,848,NaN,NaN,NaN
1,NaN,NaN,380,NaN,NaN,NaN
1,NaN,NaN,527,NaN,NaN,NaN
1,NaN,NaN,159,NaN,NaN,NaN
1,NaN,NaN,374,NaN,NaN,NaN
1,NaN,NaN,681,NaN,NaN,NaN
1,NaN,NaN,404,NaN,NaN,NaN
1,NaN,NaN,906,NaN,NaN,NaN
1,NaN,NaN,864,NaN,NaN,NaN
1,NaN,NaN,562,NaN,NaN,NaN
1,NaN,NaN,287,NaN,NaN,NaN
1,NaN,NaN,827,NaN,NaN,NaN
1,NaN,NaN,605,NaN,NaN,NaN
1,NaN,NaN,328,NaN,NaN,NaN
1,NaN,NaN,604,NaN,NaN,NaN
1,NaN,NaN,607,NaN,NaN,NaN
1,NaN,NaN,59,NaN,NaN,NaN
1,NaN,NaN,479,NaN,NaN,NaN
1,NaN,NaN,623,NaN,NaN,NaN
1,NaN,NaN,626,NaN,NaN,NaN
1,NaN,NaN,986,NaN,NaN,NaN
1,NaN,NaN,83,NaN,NaN,NaN
1,NaN,NaN,808,NaN,NaN,NaN
1,NaN,NaN,631,NaN,NaN,NaN
1,NaN,NaN,786,NaN,NaN,NaN
1,NaN,NaN,558,NaN,NaN,NaN
1,NaN,NaN,619,NaN,NaN,NaN
1,NaN,NaN,580,NaN,NaN,NaN
1,NaN,NaN,851,NaN,NaN,NaN
1,NaN,NaN,451,NaN,NaN,NaN
1,NaN,NaN,669,NaN,NaN,NaN
1,NaN,NaN,394,NaN,NaN,NaN
1,NaN,NaN,477,NaN,NaN,NaN
1,NaN,NaN,530,NaN,NaN,NaN
1,NaN,NaN,180,NaN,NaN,NaN
1,NaN,NaN,767,NaN,NaN,NaN
1,NaN,NaN,32,NaN,NaN,NaN
1,NaN,NaN,198,NaN,NaN,NaN
1,NaN,NaN,407,NaN,NaN,NaN
1,NaN,NaN,890,NaN,NaN,NaN
1,NaN,NaN,791,NaN,NaN,NaN
1,NaN,NaN,449,NaN,NaN,NaN
1,NaN,NaN,362,NaN,NaN,NaN
1,NaN,NaN,156,NaN,NaN,NaN
1,NaN,NaN,934,NaN,NaN,NaN
1,NaN,NaN,644,NaN,NaN,NaN
1,NaN,NaN,733,NaN,NaN,NaN
1,NaN,NaN,976,NaN,NaN,NaN
1,NaN,NaN,175,NaN,NaN,NaN
1,NaN,NaN,913,NaN,NaN,NaN
1,NaN,NaN,718,NaN,NaN,NaN
1,NaN,NaN,624,NaN,NaN,NaN
1,NaN,NaN,921,NaN,NaN,NaN
1,NaN,NaN,694,NaN,NaN,NaN
1,NaN,NaN,517,NaN,NaN,NaN
1,NaN,NaN,364,NaN,NaN,NaN
1,NaN,NaN,433,NaN,NaN,NaN
1,NaN,NaN,41,NaN,NaN,NaN
1,NaN,NaN,56,NaN,NaN,NaN
1,NaN,NaN,166,NaN,NaN,NaN
1,NaN,NaN,214,NaN,NaN,NaN
1,NaN,NaN,595,NaN,NaN,NaN
1,NaN,NaN,437,NaN,NaN,NaN
1,NaN,NaN,273,NaN,NaN,NaN
1,NaN,NaN,99,NaN,NaN,NaN
1,NaN,NaN,989,NaN,NaN,NaN
1,NaN,NaN,710,NaN,NaN,NaN
1,NaN,NaN,363,NaN,NaN,NaN
1,NaN,NaN,886,NaN,NaN,NaN
1,NaN,NaN,803,NaN,NaN,NaN
1,NaN,NaN,531,NaN,NaN,NaN
1,NaN,NaN,387,NaN,NaN,NaN
1,NaN,NaN,765,NaN,NaN,NaN
1,NaN,NaN,806,NaN,NaN,NaN
1,NaN,NaN,121,NaN,NaN,NaN
1,NaN,NaN,903,NaN,NaN,NaN
1,NaN,NaN,95,NaN,NaN,NaN
1,NaN,NaN,516,NaN,NaN,NaN
1,NaN,NaN,2,NaN,NaN,NaN
1,NaN,NaN,698,NaN,NaN,NaN
1,NaN,NaN,197,NaN,NaN,NaN
1,NaN,NaN,891,NaN,NaN,NaN
1,NaN,NaN,611,NaN,NaN,NaN
1,NaN,NaN,665,NaN,NaN,NaN
1,NaN,NaN,98,NaN,NaN,NaN
1,NaN,NaN,421,NaN,NaN,NaN
1,NaN,NaN,730,NaN,NaN,NaN
1,NaN,NaN,653,NaN,NaN,NaN
1,NaN,NaN,103,NaN,NaN,NaN
1,NaN,NaN,206,NaN,NaN,NaN
1,NaN,NaN,965,NaN,NaN,NaN
1,NaN,NaN,647,NaN,NaN,NaN
1,NaN,NaN,285,NaN,NaN,NaN
1,NaN,NaN,40,NaN,NaN,NaN
1,NaN,NaN,513,NaN,NaN,NaN
1,NaN,NaN,521,NaN,NaN,NaN
1,NaN,NaN,1000,NaN,NaN,NaN
1,NaN,NaN,541,NaN,NaN,NaN
1,NaN,NaN,412,NaN,NaN,NaN
1,NaN,NaN,371,NaN,NaN,NaN
1,NaN,NaN,92,NaN,NaN,NaN
1,NaN,NaN,868,NaN,NaN,NaN
1,NaN,NaN,554,NaN,NaN,NaN
1,NaN,NaN,438,NaN,NaN,NaN
1,NaN,NaN,641,NaN,NaN,NaN
1,NaN,NaN,500,NaN,NaN,NaN
1,NaN,NaN,506,NaN,NaN,NaN
1,NaN,NaN,501,NaN,NaN,NaN
1,NaN,NaN,726,NaN,NaN,NaN
1,NaN,NaN,415,NaN,NaN,NaN
1,NaN,NaN,48,NaN,NaN,NaN
1,NaN,NaN,106,NaN,NaN,NaN
1,NaN,NaN,42,NaN,NaN,NaN
1,NaN,NaN,649,NaN,NaN,NaN
1,NaN,NaN,360,NaN,NaN,NaN
1,NaN,NaN,367,NaN,NaN,NaN
1,NaN,NaN,820,NaN,NaN,NaN
1,NaN,NaN,391,NaN,NaN,NaN
1,NaN,NaN,677,NaN,NaN,NaN
1,NaN,NaN,601,NaN,NaN,NaN
1,NaN,NaN,566,NaN,NaN,NaN
1,NaN,NaN,192,NaN,NaN,NaN
1,NaN,NaN,880,NaN,NaN,NaN
1,NaN,NaN,199,NaN,NaN,NaN
1,NaN,NaN,539,NaN,NaN,NaN
1,NaN,NaN,188,NaN,NaN,NaN
1,NaN,NaN,572,NaN,NaN,NaN
1,NaN,NaN,476,NaN,NaN,NaN
1,NaN,NaN,258,NaN,NaN,NaN
1,NaN,NaN,837,NaN,NaN,NaN
1,NaN,NaN,593,NaN,NaN,NaN
1,NaN,NaN,298,NaN,NaN,NaN
1,NaN,NaN,567,NaN,NaN,NaN
1,NaN,NaN,250,NaN,NaN,NaN
1,NaN,NaN,813,NaN,NaN,NaN
1,NaN,NaN,261,NaN,NaN,NaN
1,NaN,NaN,111,NaN,NaN,NaN
1,NaN,NaN,19,NaN,NaN,NaN
1,NaN,NaN,592,NaN,NaN,NaN
1,NaN,NaN,751,NaN,NaN,NaN
1,NaN,NaN,123,NaN,NaN,NaN
1,NaN,NaN,931,NaN,NaN,NaN
1,NaN,NaN,652,NaN,NaN,NaN
1,NaN,NaN,54,NaN,NaN,NaN
1,NaN,NaN,507,NaN,NaN,NaN
1,NaN,NaN,685,NaN,NaN,NaN
1,NaN,NaN,152,NaN,NaN,NaN
1,NaN,NaN,568,NaN,NaN,NaN
1,NaN,NaN,289,NaN,NaN,NaN
1,NaN,NaN,293,NaN,NaN,NaN
1,NaN,NaN,940,NaN,NaN,NaN
1,NaN,NaN,804,NaN,NaN,NaN
1,NaN,NaN,460,NaN,NaN,NaN
1,NaN,NaN,691,NaN,NaN,NaN
1,NaN,NaN,915,NaN,NaN,NaN
1,NaN,NaN,845,NaN,NaN,NaN
1,NaN,NaN,299,NaN,NaN,NaN
1,NaN,NaN,721,NaN,NaN,NaN
1,NaN,NaN,955,NaN,NaN,NaN
1,NaN,NaN,905,NaN,NaN,NaN
1,NaN,NaN,312,NaN,NaN,NaN
1,NaN,NaN,599,NaN,NaN,NaN
1,NaN,NaN,276,NaN,NaN,NaN
1,NaN,NaN,671,NaN,NaN,NaN
1,NaN,NaN,724,NaN,NaN,NaN
1,NaN,NaN,482,NaN,NaN,NaN
1,NaN,NaN,714,NaN,NaN,NaN
1,NaN,NaN,614,NaN,NaN,NaN
1,NaN,NaN,337,NaN,NaN,NaN
1,NaN,NaN,378,NaN,NaN,NaN
1,NaN,NaN,157,NaN,NaN,NaN
1,NaN,NaN,431,NaN,NaN,NaN
1,NaN,NaN,790,NaN,NaN,NaN
1,NaN,NaN,440,NaN,NaN,NaN
1,NaN,NaN,613,NaN,NaN,NaN
1,NaN,NaN,983,NaN,NaN,NaN
1,NaN,NaN,462,NaN,NaN,NaN
1,NaN,NaN,843,NaN,NaN,NaN
1,NaN,NaN,162,NaN,NaN,NaN
1,NaN,NaN,978,NaN,NaN,NaN
1,NaN,NaN,981,NaN,NaN,NaN
1,NaN,NaN,883,NaN,NaN,NaN
1,NaN,NaN,935,NaN,NaN,NaN
1,NaN,NaN,376,NaN,NaN,NaN
1,NaN,NaN,668,NaN,NaN,NaN
1,NaN,NaN,356,NaN,NaN,NaN
1,NaN,NaN,10,NaN,NaN,NaN
1,NaN,NaN,738,NaN,NaN,NaN
1,NaN,NaN,116,NaN,NaN,NaN
1,NaN,NaN,777,NaN,NaN,NaN
1,NaN,NaN,350,NaN,NaN,NaN
1,NaN,NaN,996,NaN,NaN,NaN
1,NaN,NaN,481,NaN,NaN,NaN
1,NaN,NaN,771,NaN,NaN,NaN
1,NaN,NaN,544,NaN,NaN,NaN
1,NaN,NaN,5,NaN,NaN,NaN
1,NaN,NaN,918,NaN,NaN,NaN
1,NaN,NaN,729,NaN,NaN,NaN
1,NaN,NaN,64,NaN,NaN,NaN
1,NaN,NaN,225,NaN,NaN,NaN
1,NaN,NaN,596,NaN,NaN,NaN
1,NaN,NaN,540,NaN,NaN,NaN
1,NaN,NaN,334,NaN,NaN,NaN
1,NaN,NaN,29,NaN,NaN,NaN
1,NaN,NaN,985,NaN,NaN,NaN
1,NaN,NaN,58,NaN,NaN,NaN
1,NaN,NaN,797,NaN,NaN,NaN
1,NaN,NaN,4,NaN,NaN,NaN
1,NaN,NaN,538,NaN,NaN,NaN
1,NaN,NaN,954,NaN,NaN,NaN
1,NaN,NaN,922,NaN,NaN,NaN
1,NaN,NaN,365,NaN,NaN,NaN
1,NaN,NaN,191,NaN,NaN,NaN
1,NaN,NaN,211,NaN,NaN,NaN
1,NaN,NaN,758,NaN,NaN,NaN
1,NaN,NaN,636,NaN,NaN,NaN
1,NaN,NaN,355,NaN,NaN,NaN
1,NaN,NaN,408,NaN,NaN,NaN
1,NaN,NaN,125,NaN,NaN,NaN
1,NaN,NaN,174,NaN,NaN,NaN
1,NaN,NaN,251,NaN,NaN,NaN
1,NaN,NaN,72,NaN,NaN,NaN
1,NaN,NaN,537,NaN,NaN,NaN
1,NaN,NaN,155,NaN,NaN,NaN
1,NaN,NaN,639,NaN,NaN,NaN
1,NaN,NaN,420,NaN,NaN,NaN
1,NaN,NaN,453,NaN,NaN,NaN
1,NaN,NaN,667,NaN,NaN,NaN
1,NaN,NaN,78,NaN,NaN,NaN
1,NaN,NaN,382,NaN,NaN,NaN
1,NaN,NaN,134,NaN,NaN,NaN
1,NaN,NaN,230,NaN,NaN,NaN
1,NaN,NaN,267,NaN,NaN,NaN
1,NaN,NaN,504,NaN,NaN,NaN
1,NaN,NaN,491,NaN,NaN,NaN
1,NaN,NaN,369,NaN,NaN,NaN
1,NaN,NaN,673,NaN,NaN,NaN
1,NaN,NaN,610,NaN,NaN,NaN
1,NaN,NaN,340,NaN,NaN,NaN
1,NaN,NaN,898,NaN,NaN,NaN
1,NaN,NaN,722,NaN,NaN,NaN
1,NaN,NaN,795,NaN,NaN,NaN
1,NaN,NaN,316,NaN,NaN,NaN
1,NaN,NaN,844,NaN,NaN,NaN
1,NaN,NaN,179,NaN,NaN,NaN
1,NaN,NaN,320,NaN,NaN,NaN
1,NaN,NaN,701,NaN,NaN,NaN
1,NaN,NaN,887,NaN,NaN,NaN
1,NaN,NaN,761,NaN,NaN,NaN
1,NaN,NaN,998,NaN,NaN,NaN
1,NaN,NaN,754,NaN,NaN,NaN
1,NaN,NaN,321,NaN,NaN,NaN
1,NaN,NaN,854,NaN,NaN,NaN
1,NaN,NaN,703,NaN,NaN,NaN
1,NaN,NaN,545,NaN,NaN,NaN
1,NaN,NaN,91,NaN,NaN,NaN
1,NaN,NaN,434,NaN,NaN,NaN
1,NaN,NaN,220,NaN,NaN,NaN
1,NaN,NaN,426,NaN,NaN,NaN
1,NaN,NaN,661,NaN,NaN,NaN
1,NaN,NaN,353,NaN,NaN,NaN
1,NaN,NaN,984,NaN,NaN,NaN
1,NaN,NaN,590,NaN,NaN,NaN
1,NaN,NaN,46,NaN,NaN,NaN
1,NaN,NaN,830,NaN,NaN,NaN
1,NaN,NaN,717,NaN,NaN,NaN
1,NaN,NaN,793,NaN,NaN,NaN
1,NaN,NaN,515,NaN,NaN,NaN
1,NaN,NaN,995,NaN,NaN,NaN
1,NaN,NaN,487,NaN,NaN,NaN
1,NaN,NaN,302,NaN,NaN,NaN
1,NaN,NaN,194,NaN,NaN,NaN
1,NaN,NaN,815,NaN,NaN,NaN
1,NaN,NaN,483,NaN,NaN,NaN
1,NaN,NaN,888,NaN,NaN,NaN
1,NaN,NaN,960,NaN,NaN,NaN
1,NaN,NaN,135,NaN,NaN,NaN
1,NaN,NaN,750,NaN,NaN,NaN
1,NaN,NaN,386,NaN,NaN,NaN
1,NaN,NaN,90,NaN,NaN,NaN
1,NaN,NaN,307,NaN,NaN,NaN
1,NaN,NaN,902,NaN,NaN,NaN
1,NaN,NaN,853,NaN,NaN,NaN
1,NaN,NaN,275,NaN,NaN,NaN
1,NaN,NaN,187,NaN,NaN,NaN
1,NaN,NaN,807,NaN,NaN,NaN
1,NaN,NaN,959,NaN,NaN,NaN
1,NaN,NaN,798,NaN,NaN,NaN
1,NaN,NaN,160,NaN,NaN,NaN
1,NaN,NaN,608,NaN,NaN,NaN
1,NaN,NaN,947,NaN,NaN,NaN
1,NaN,NaN,948,NaN,NaN,NaN
1,NaN,NaN,938,NaN,NaN,NaN
1,NaN,NaN,3,NaN,NaN,NaN
1,NaN,NaN,655,NaN,NaN,NaN
1,NaN,NaN,410,NaN,NaN,NaN
1,NaN,NaN,546,NaN,NaN,NaN
1,NaN,NaN,13,NaN,NaN,NaN
1,NaN,NaN,464,NaN,NaN,NaN
1,NaN,NaN,834,NaN,NaN,NaN
1,NaN,NaN,24,NaN,NaN,NaN
1,NaN,NaN,951,NaN,NaN,NaN
1,NaN,NaN,920,NaN,NaN,NaN
1,NaN,NaN,528,NaN,NaN,NaN
1,NaN,NaN,627,NaN,NaN,NaN
1,NaN,NaN,571,NaN,NaN,NaN
1,NaN,NaN,227,NaN,NaN,NaN
1,NaN,NaN,330,NaN,NaN,NaN
1,NaN,NaN,799,NaN,NaN,NaN
1,NaN,NaN,201,NaN,NaN,NaN
1,NaN,NaN,401,NaN,NaN,NaN
1,NaN,NaN,817,NaN,NaN,NaN
1,NaN,NaN,794,NaN,NaN,NaN
1,NaN,NaN,858,NaN,NaN,NaN
1,NaN,NaN,757,NaN,NaN,NaN
1,NaN,NaN,876,NaN,NaN,NaN
1,NaN,NaN,992,NaN,NaN,NaN
1,NaN,NaN,494,NaN,NaN,NaN
1,NaN,NaN,28,NaN,NaN,NaN
1,NaN,NaN,622,NaN,NaN,NaN
1,NaN,NaN,744,NaN,NaN,NaN
1,NaN,NaN,712,NaN,NaN,NaN
1,NaN,NaN,805,NaN,NaN,NaN
1,NaN,NaN,683,NaN,NaN,NaN
1,NaN,NaN,450,NaN,NaN,NaN
1,NaN,NaN,859,NaN,NaN,NaN
1,NaN,NaN,338,NaN,NaN,NaN
1,NaN,NaN,55,NaN,NaN,NaN
1,NaN,NaN,900,NaN,NaN,NaN
1,NaN,NaN,762,NaN,NaN,NaN
1,NaN,NaN,561,NaN,NaN,NaN
1,NaN,NaN,323,NaN,NaN,NaN
1,NaN,NaN,693,NaN,NaN,NaN
1,NaN,NaN,990,NaN,NaN,NaN
1,NaN,NaN,361,NaN,NaN,NaN
1,NaN,NaN,972,NaN,NaN,NaN
1,NaN,NaN,816,NaN,NaN,NaN
1,NaN,NaN,390,NaN,NaN,NaN
1,NaN,NaN,970,NaN,NaN,NaN
1,NaN,NaN,950,NaN,NaN,NaN
1,NaN,NaN,941,NaN,NaN,NaN
1,NaN,NaN,65,NaN,NaN,NaN
1,NaN,NaN,747,NaN,NaN,NaN
1,NaN,NaN,292,NaN,NaN,NaN
1,NaN,NaN,958,NaN,NaN,NaN
1,NaN,NaN,455,NaN,NaN,NaN
1,NaN,NaN,553,NaN,NaN,NaN
1,NaN,NaN,600,NaN,NaN,NaN
1,NaN,NaN,110,NaN,NaN,NaN
1,NaN,NaN,525,NaN,NaN,NaN
1,NaN,NaN,637,NaN,NaN,NaN
1,NaN,NaN,690,NaN,NaN,NaN
1,NaN,NaN,781,NaN,NaN,NaN
1,NaN,NaN,141,NaN,NaN,NaN
1,NaN,NaN,21,NaN,NaN,NaN
1,NaN,NaN,910,NaN,NaN,NaN
1,NaN,NaN,396,NaN,NaN,NaN
1,NaN,NaN,662,NaN,NaN,NaN
1,NaN,NaN,865,NaN,NaN,NaN
1,NaN,NaN,678,NaN,NaN,NaN
1,NaN,NaN,812,NaN,NaN,NaN
1,NaN,NaN,15,NaN,NaN,NaN
1,NaN,NaN,741,NaN,NaN,NaN
1,NaN,NaN,589,NaN,NaN,NaN
1,NaN,NaN,684,NaN,NaN,NaN
1,NaN,NaN,549,NaN,NaN,NaN
1,NaN,NaN,343,NaN,NaN,NaN
1,NaN,NaN,468,NaN,NaN,NaN
1,NaN,NaN,780,NaN,NaN,NaN
1,NaN,NaN,760,NaN,NaN,NaN
1,NaN,NaN,400,NaN,NaN,NaN
1,NaN,NaN,885,NaN,NaN,NaN
1,NaN,NaN,102,NaN,NaN,NaN
1,NaN,NaN,728,NaN,NaN,NaN
1,NaN,NaN,454,NaN,NaN,NaN
1,NaN,NaN,305,NaN,NaN,NaN
1,NaN,NaN,877,NaN,NaN,NaN
1,NaN,NaN,428,NaN,NaN,NaN
1,NaN,NaN,585,NaN,NaN,NaN
1,NaN,NaN,493,NaN,NaN,NaN
1,NaN,NaN,295,NaN,NaN,NaN
1,NaN,NaN,213,NaN,NaN,NaN
1,NaN,NaN,344,NaN,NaN,NaN
1,NaN,NaN,50,NaN,NaN,NaN
1,NaN,NaN,385,NaN,NaN,NaN
1,NaN,NaN,339,NaN,NaN,NaN
1,NaN,NaN,832,NaN,NaN,NaN
1,NaN,NaN,101,NaN,NaN,NaN
1,NaN,NaN,982,NaN,NaN,NaN
1,NaN,NaN,308,NaN,NaN,NaN
1,NaN,NaN,370,NaN,NaN,NaN
1,NaN,NaN,650,NaN,NaN,NaN
1,NaN,NaN,475,NaN,NaN,NaN
1,NaN,NaN,57,NaN,NaN,NaN
1,NaN,NaN,533,NaN,NaN,NaN
1,NaN,NaN,224,NaN,NaN,NaN
1,NaN,NaN,666,NaN,NaN,NaN
1,NaN,NaN,158,NaN,NaN,NaN
1,NaN,NaN,499,NaN,NaN,NaN
1,NaN,NaN,699,NaN,NaN,NaN
1,NaN,NaN,575,NaN,NaN,NaN
1,NaN,NaN,165,NaN,NaN,NaN
1,NaN,NaN,586,NaN,NaN,NaN
1,NaN,NaN,349,NaN,NaN,NaN
1,NaN,NaN,228,NaN,NaN,NaN
1,NaN,NaN,265,NaN,NaN,NaN
1,NaN,NaN,77,NaN,NaN,NaN
1,NaN,NaN,109,NaN,NaN,NaN
1,NaN,NaN,315,NaN,NaN,NaN
1,NaN,NaN,716,NaN,NaN,NaN
1,NaN,NaN,700,NaN,NaN,NaN
1,NaN,NaN,651,NaN,NaN,NaN
1,NaN,NaN,142,NaN,NaN,NaN
1,NaN,NaN,422,NaN,NaN,NaN
1,NaN,NaN,345,NaN,NaN,NaN
1,NaN,NaN,143,NaN,NaN,NaN
1,NaN,NaN,384,NaN,NaN,NaN
1,NaN,NaN,792,NaN,NaN,NaN
1,NaN,NaN,16,NaN,NaN,NaN
1,NaN,NaN,397,NaN,NaN,NaN
1,NaN,NaN,36,NaN,NaN,NaN
1,NaN,NaN,178,NaN,NaN,NaN
1,NaN,NaN,184,NaN,NaN,NaN
1,NaN,NaN,581,NaN,NaN,NaN
1,NaN,NaN,18,NaN,NaN,NaN
1,NaN,NaN,778,NaN,NaN,NaN
1,NaN,NaN,570,NaN,NaN,NaN
1,NaN,NaN,80,NaN,NaN,NaN
1,NaN,NaN,563,NaN,NaN,NaN
1,NaN,NaN,975,NaN,NaN,NaN
1,NaN,NaN,395,NaN,NaN,NaN
1,NaN,NaN,207,NaN,NaN,NaN
1,NaN,NaN,372,NaN,NaN,NaN
1,NaN,NaN,873,NaN,NaN,NaN
1,NaN,NaN,772,NaN,NaN,NaN
1,NaN,NaN,34,NaN,NaN,NaN
1,NaN,NaN,161,NaN,NaN,NaN
1,NaN,NaN,867,NaN,NaN,NaN
1,NaN,NaN,301,NaN,NaN,NaN
1,NaN,NaN,523,NaN,NaN,NaN
1,NaN,NaN,782,NaN,NaN,NaN
1,NaN,NaN,322,NaN,NaN,NaN
1,NaN,NaN,564,NaN,NaN,NaN
1,NaN,NaN,809,NaN,NaN,NaN
1,NaN,NaN,140,NaN,NaN,NaN
1,NaN,NaN,238,NaN,NaN,NaN
1,NaN,NaN,969,NaN,NaN,NaN
1,NaN,NaN,519,NaN,NaN,NaN
1,NaN,NaN,146,NaN,NaN,NaN
1,NaN,NaN,686,NaN,NaN,NaN
1,NaN,NaN,759,NaN,NaN,NaN
1,NaN,NaN,257,NaN,NaN,NaN
1,NaN,NaN,172,NaN,NaN,NaN
1,NaN,NaN,342,NaN,NaN,NaN
1,NaN,NaN,919,NaN,NaN,NaN
1,NaN,NaN,266,NaN,NaN,NaN
1,NaN,NaN,676,NaN,NaN,NaN
1,NaN,NaN,306,NaN,NaN,NaN
1,NaN,NaN,735,NaN,NaN,NaN
1,NaN,NaN,414,NaN,NaN,NaN
1,NaN,NaN,946,NaN,NaN,NaN
1,NaN,NaN,71,NaN,NaN,NaN
1,NaN,NaN,359,NaN,NaN,NaN
1,NaN,NaN,222,NaN,NaN,NaN
1,NaN,NaN,435,NaN,NaN,NaN
1,NaN,NaN,893,NaN,NaN,NaN
1,NaN,NaN,104,NaN,NaN,NaN
1,NaN,NaN,702,NaN,NaN,NaN
1,NaN,NaN,304,NaN,NaN,NaN
1,NaN,NaN,963,NaN,NaN,NaN
1,NaN,NaN,405,NaN,NaN,NaN
1,NaN,NaN,928,NaN,NaN,NaN
1,NaN,NaN,86,NaN,NaN,NaN
1,NaN,NaN,936,NaN,NaN,NaN
1,NaN,NaN,44,NaN,NaN,NaN
1,NaN,NaN,256,NaN,NaN,NaN
1,NaN,NaN,763,NaN,NaN,NaN
1,NaN,NaN,133,NaN,NaN,NaN
1,NaN,NaN,991,NaN,NaN,NaN
1,NaN,NaN,137,NaN,NaN,NaN
1,NaN,NaN,423,NaN,NaN,NaN
1,NaN,NaN,689,NaN,NaN,NaN
1,NaN,NaN,770,NaN,NaN,NaN
1,NaN,NaN,130,NaN,NaN,NaN
1,NaN,NaN,486,NaN,NaN,NaN
1,NaN,NaN,303,NaN,NaN,NaN
1,NaN,NaN,478,NaN,NaN,NaN
1,NaN,NaN,618,NaN,NaN,NaN
1,NaN,NaN,764,NaN,NaN,NaN
1,NaN,NaN,514,NaN,NaN,NaN
1,NaN,NaN,705,NaN,NaN,NaN
1,NaN,NaN,223,NaN,NaN,NaN
1,NaN,NaN,30,NaN,NaN,NaN
1,NaN,NaN,164,NaN,NaN,NaN
1,NaN,NaN,27,NaN,NaN,NaN
1,NaN,NaN,961,NaN,NaN,NaN
1,NaN,NaN,643,NaN,NaN,NaN
1,NaN,NaN,366,NaN,NaN,NaN
1,NaN,NaN,697,NaN,NaN,NaN
1,NaN,NaN,783,NaN,NaN,NaN
1,NaN,NaN,788,NaN,NaN,NaN
1,NaN,NaN,532,NaN,NaN,NaN
1,NaN,NaN,584,NaN,NaN,NaN
1,NaN,NaN,904,NaN,NaN,NaN
1,NaN,NaN,875,NaN,NaN,NaN
1,NaN,NaN,373,NaN,NaN,NaN
1,NaN,NaN,775,NaN,NaN,NaN
1,NaN,NaN,297,NaN,NaN,NaN
1,NaN,NaN,755,NaN,NaN,NaN
1,NaN,NaN,347,NaN,NaN,NaN
1,NaN,NaN,7,NaN,NaN,NaN
1,NaN,NaN,576,NaN,NaN,NaN
1,NaN,NaN,630,NaN,NaN,NaN
1,NaN,NaN,388,NaN,NaN,NaN
1,NaN,NaN,66,NaN,NaN,NaN
1,NaN,NaN,980,NaN,NaN,NaN
1,NaN,NaN,272,NaN,NaN,NaN
1,NaN,NaN,737,NaN,NaN,NaN
1,NaN,NaN,105,NaN,NaN,NaN
1,NaN,NaN,899,NaN,NaN,NaN
1,NaN,NaN,949,NaN,NaN,NaN
1,NaN,NaN,591,NaN,NaN,NaN
1,NaN,NaN,866,NaN,NaN,NaN
1,NaN,NaN,11,NaN,NaN,NaN
1,NaN,NaN,282,NaN,NaN,NaN
1,NaN,NaN,943,NaN,NaN,NaN
1,NaN,NaN,826,NaN,NaN,NaN
1,NaN,NaN,818,NaN,NaN,NaN
1,NaN,NaN,945,NaN,NaN,NaN
1,NaN,NaN,776,NaN,NaN,NaN
1,NaN,NaN,674,NaN,NaN,NaN
1,NaN,NaN,317,NaN,NaN,NaN
1,NaN,NaN,559,NaN,NaN,NaN
1,NaN,NaN,629,NaN,NaN,NaN
1,NaN,NaN,247,NaN,NaN,NaN
1,NaN,NaN,471,NaN,NaN,NaN
1,NaN,NaN,511,NaN,NaN,NaN
1,NaN,NaN,448,NaN,NaN,NaN
1,NaN,NaN,801,NaN,NaN,NaN
1,NaN,NaN,467,NaN,NaN,NaN
1,NaN,NaN,895,NaN,NaN,NaN
1,NaN,NaN,93,NaN,NaN,NaN
1,NaN,NaN,871,NaN,NaN,NaN
1,NaN,NaN,279,NaN,NaN,NaN
1,NaN,NaN,617,NaN,NaN,NaN
1,NaN,NaN,774,NaN,NaN,NaN
1,NaN,NaN,753,NaN,NaN,NaN
1,NaN,NaN,522,NaN,NaN,NaN
1,NaN,NaN,319,NaN,NaN,NaN
1,NaN,NaN,127,NaN,NaN,NaN
1,NaN,NaN,988,NaN,NaN,NaN
1,NaN,NaN,749,NaN,NaN,NaN
1,NaN,NaN,472,NaN,NaN,NaN
1,NaN,NaN,262,NaN,NaN,NaN
1,NaN,NaN,719,NaN,NaN,NaN
1,NaN,NaN,512,NaN,NaN,NaN
1,NaN,NaN,389,NaN,NaN,NaN
1,NaN,NaN,535,NaN,NaN,NaN
1,NaN,NaN,659,NaN,NaN,NaN
1,NaN,NaN,474,NaN,NaN,NaN
1,NaN,NaN,555,NaN,NaN,NaN
1,NaN,NaN,657,NaN,NaN,NaN
1,NaN,NaN,226,NaN,NaN,NaN
1,NaN,NaN,621,NaN,NaN,NaN
1,NaN,NaN,850,NaN,NaN,NaN
1,NaN,NaN,789,NaN,NaN,NaN
1,NaN,NaN,962,NaN,NaN,NaN
1,NaN,NaN,200,NaN,NaN,NaN
1,NaN,NaN,994,NaN,NaN,NaN
1,NaN,NaN,452,NaN,NaN,NaN
1,NaN,NaN,526,NaN,NaN,NaN
1,NaN,NaN,579,NaN,NaN,NaN
1,NaN,NaN,466,NaN,NaN,NaN
1,NaN,NaN,897,NaN,NaN,NaN
1,NaN,NaN,768,NaN,NaN,NaN
1,NaN,NaN,796,NaN,NaN,NaN
1,NaN,NaN,252,NaN,NaN,NaN
1,NaN,NaN,231,NaN,NaN,NaN
1,NaN,NaN,785,NaN,NaN,NaN
1,NaN,NaN,861,NaN,NaN,NaN
1,NaN,NaN,8,NaN,NaN,NaN
1,NaN,NaN,311,NaN,NaN,NaN
1,NaN,NaN,259,NaN,NaN,NaN
1,NaN,NaN,310,NaN,NaN,NaN
1,NaN,NaN,242,NaN,NaN,NaN
1,NaN,NaN,294,NaN,NaN,NaN
1,NaN,NaN,908,NaN,NaN,NaN
1,NaN,NaN,688,NaN,NaN,NaN
1,NaN,NaN,195,NaN,NaN,NaN
1,NaN,NaN,964,NaN,NaN,NaN
1,NaN,NaN,291,NaN,NaN,NaN
1,NaN,NaN,907,NaN,NaN,NaN
1,NaN,NaN,835,NaN,NaN,NaN
1,NaN,NaN,802,NaN,NaN,NaN
1,NaN,NaN,551,NaN,NaN,NaN
1,NaN,NaN,26,NaN,NaN,NaN
1,NaN,NaN,129,NaN,NaN,NaN
1,NaN,NaN,856,NaN,NaN,NaN
1,NaN,NaN,118,NaN,NaN,NaN
1,NaN,NaN,634,NaN,NaN,NaN
1,NaN,NaN,917,NaN,NaN,NaN
1,NaN,NaN,862,NaN,NaN,NaN
1,NaN,NaN,37,NaN,NaN,NaN
1,NaN,NaN,663,NaN,NaN,NaN
1,NaN,NaN,82,NaN,NaN,NaN
1,NaN,NaN,884,NaN,NaN,NaN
1,NaN,NaN,841,NaN,NaN,NaN
1,NaN,NaN,756,NaN,NaN,NaN
1,NaN,NaN,628,NaN,NaN,NaN
1,NaN,NaN,973,NaN,NaN,NaN
1,NaN,NaN,177,NaN,NaN,NaN
1,NaN,NaN,52,NaN,NaN,NaN
1,NaN,NaN,176,NaN,NaN,NaN
1,NaN,NaN,999,NaN,NaN,NaN
1,NaN,NaN,79,NaN,NaN,NaN
1,NaN,NaN,25,NaN,NaN,NaN
1,NaN,NaN,254,NaN,NaN,NaN
1,NaN,NaN,181,NaN,NaN,NaN
1,NaN,NaN,469,NaN,NaN,NaN
1,NaN,NaN,269,NaN,NaN,NaN
1,NaN,NaN,505,NaN,NaN,NaN
1,NaN,NaN,73,NaN,NaN,NaN
1,NaN,NaN,769,NaN,NaN,NaN
1,NaN,NaN,633,NaN,NaN,NaN
1,NaN,NaN,829,NaN,NaN,NaN
1,NaN,NaN,839,NaN,NaN,NaN
1,NaN,NaN,128,NaN,NaN,NaN
1,NaN,NaN,914,NaN,NaN,NaN
1,NaN,NaN,550,NaN,NaN,NaN
1,NaN,NaN,773,NaN,NaN,NaN
1,NaN,NaN,87,NaN,NaN,NaN
1,NaN,NaN,740,NaN,NaN,NaN
1,NaN,NaN,889,NaN,NaN,NaN
1,NaN,NaN,872,NaN,NaN,NaN
1,NaN,NaN,240,NaN,NaN,NaN
1,NaN,NaN,732,NaN,NaN,NaN
1,NaN,NaN,927,NaN,NaN,NaN
1,NaN,NaN,520,NaN,NaN,NaN
1,NaN,NaN,38,NaN,NaN,NaN
1,NaN,NaN,696,NaN,NaN,NaN
1,NaN,NaN,309,NaN,NaN,NaN
1,NaN,NaN,646,NaN,NaN,NaN
1,NaN,NaN,446,NaN,NaN,NaN
1,NaN,NaN,183,NaN,NaN,NaN
1,NaN,NaN,836,NaN,NaN,NaN
1,NaN,NaN,255,NaN,NaN,NaN
1,NaN,NaN,39,NaN,NaN,NaN
1,NaN,NaN,670,NaN,NaN,NaN
1,NaN,NaN,957,NaN,NaN,NaN
1,NaN,NaN,615,NaN,NaN,NaN
1,NaN,NaN,182,NaN,NaN,NaN
1,NaN,NaN,333,NaN,NaN,NaN
1,NaN,NaN,122,NaN,NaN,NaN
1,NaN,NaN,217,NaN,NaN,NaN
1,NaN,NaN,117,NaN,NaN,NaN
1,NaN,NaN,878,NaN,NaN,NaN
1,NaN,NaN,392,NaN,NaN,NaN
1,NaN,NaN,974,NaN,NaN,NaN
1,NaN,NaN,296,NaN,NaN,NaN
1,NaN,NaN,436,NaN,NaN,NaN
1,NaN,NaN,100,NaN,NaN,NaN
1,NaN,NaN,381,NaN,NaN,NaN
1,NaN,NaN,348,NaN,NaN,NaN
1,NaN,NaN,138,NaN,NaN,NaN
1,NaN,NaN,894,NaN,NaN,NaN
1,NaN,NaN,136,NaN,NaN,NaN
1,NaN,NaN,456,NaN,NaN,NaN
1,NaN,NaN,113,NaN,NaN,NaN
1,NaN,NaN,587,NaN,NaN,NaN
1,NaN,NaN,485,NaN,NaN,NaN
1,NaN,NaN,536,NaN,NaN,NaN
1,NaN,NaN,488,NaN,NaN,NaN
1,NaN,NaN,49,NaN,NaN,NaN
1,NaN,NaN,399,NaN,NaN,NaN
1,NaN,NaN,932,NaN,NaN,NaN
1,NaN,NaN,204,NaN,NaN,NaN
1,NaN,NaN,855,NaN,NaN,NaN
1,NaN,NaN,45,NaN,NaN,NaN
1,NaN,NaN,234,NaN,NaN,NaN
1,NaN,NaN,51,NaN,NaN,NaN
1,NaN,NaN,642,NaN,NaN,NaN
1,NaN,NaN,171,NaN,NaN,NaN
1,NaN,NaN,708,NaN,NaN,NaN
1,NaN,NaN,47,NaN,NaN,NaN
1,NaN,NaN,167,NaN,NaN,NaN
1,NaN,NaN,241,NaN,NaN,NaN
1,NaN,NaN,35,NaN,NaN,NaN
1,NaN,NaN,509,NaN,NaN,NaN
1,NaN,NaN,510,NaN,NaN,NaN
1,NaN,NaN,115,NaN,NaN,NaN
1,NaN,NaN,542,NaN,NaN,NaN
1,NaN,NaN,746,NaN,NaN,NaN
1,NaN,NaN,459,NaN,NaN,NaN
1,NaN,NaN,12,NaN,NaN,NaN
1,NaN,NaN,534,NaN,NaN,NaN
1,NaN,NaN,336,NaN,NaN,NaN
1,NaN,NaN,76,NaN,NaN,NaN
1,NaN,NaN,60,NaN,NaN,NaN
1,NaN,NaN,680,NaN,NaN,NaN
1,NaN,NaN,508,NaN,NaN,NaN
1,NaN,NaN,209,NaN,NaN,NaN
1,NaN,NaN,952,NaN,NaN,NaN
1,NaN,NaN,329,NaN,NaN,NaN
1,NaN,NaN,929,NaN,NaN,NaN
1,NaN,NaN,232,NaN,NaN,NaN
1,NaN,NaN,612,NaN,NaN,NaN
1,NaN,NaN,557,NaN,NaN,NaN
1,NaN,NaN,43,NaN,NaN,NaN
1,NaN,NaN,825,NaN,NaN,NaN
1,NaN,NaN,325,NaN,NaN,NaN
1,NaN,NaN,81,NaN,NaN,NaN
1,NaN,NaN,263,NaN,NaN,NaN
1,NaN,NaN,249,NaN,NaN,NaN
1,NaN,NaN,239,NaN,NaN,NaN
1,NaN,NaN,547,NaN,NaN,NaN
1,NaN,NaN,148,NaN,NaN,NaN
1,NaN,NaN,870,NaN,NaN,NaN
1,NaN,NaN,346,NaN,NaN,NaN
1,NaN,NaN,377,NaN,NaN,NaN
1,NaN,NaN,847,NaN,NaN,NaN
1,NaN,NaN,912,NaN,NaN,NaN
1,NaN,NaN,430,NaN,NaN,NaN
1,NaN,NaN,711,NaN,NaN,NaN
1,NaN,NaN,445,NaN,NaN,NaN
1,NaN,NaN,979,NaN,NaN,NaN
1,NaN,NaN,565,NaN,NaN,NaN
1,NaN,NaN,911,NaN,NaN,NaN
1,NaN,NaN,840,NaN,NaN,NaN
1,NaN,NaN,609,NaN,NaN,NaN
1,NaN,NaN,748,NaN,NaN,NaN
1,NaN,NaN,997,NaN,NaN,NaN
1,NaN,NaN,23,NaN,NaN,NaN
1,NaN,NaN,588,NaN,NaN,NaN
1,NaN,NaN,278,NaN,NaN,NaN
1,NaN,NaN,598,NaN,NaN,NaN
1,NaN,NaN,828,NaN,NaN,NaN
1,NaN,NaN,821,NaN,NaN,NaN
1,NaN,NaN,892,NaN,NaN,NaN
1,NaN,NaN,819,NaN,NaN,NaN
1,NaN,NaN,70,NaN,NaN,NaN
1,NaN,NaN,341,NaN,NaN,NaN
1,NaN,NaN,444,NaN,NaN,NaN
1,NaN,NaN,375,NaN,NaN,NaN
1,NaN,NaN,470,NaN,NaN,NaN
1,NaN,NaN,53,NaN,NaN,NaN
1,NaN,NaN,916,NaN,NaN,NaN
1,NaN,NaN,846,NaN,NaN,NaN
1,NaN,NaN,939,NaN,NaN,NaN
1,NaN,NaN,229,NaN,NaN,NaN
2,0,NaN,68,4,0,1
2,0,NaN,67,3,1,2
2,0,NaN,66,2,1,2
2,0,NaN,65,1,1,2
2,0,NaN,44,4,0,1
2,0,NaN,43,3,0,1
2,0,NaN,42,2,0,1
2,0,NaN,41,1,1,2
2,0,NaN,40,4,0,1
2,0,NaN,39,3,1,1
2,0,NaN,38,2,1,2
2,0,NaN,37,1,1,2
2,0,NaN,60,4,0,1
2,0,NaN,59,3,1,2
2,0,NaN,58,2,1,2
2,0,NaN,57,1,1,2
2,0,NaN,80,4,0,1
2,0,NaN,79,3,0,1
2,0,NaN,78,2,1,2
2,0,NaN,77,1,1,2
2,0,NaN,48,4,0,1
2,0,NaN,47,3,0,1
2,0,NaN,46,2,0,1
2,0,NaN,45,1,1,2
2,0,NaN,16,4,0,1
2,0,NaN,15,3,0,1
2,0,NaN,14,2,1,2
2,0,NaN,13,1,1,2
2,0,NaN,12,4,0,1
2,0,NaN,11,3,0,1
2,0,NaN,10,2,0,1
2,0,NaN,9,1,1,1
2,0,NaN,20,4,0,1
2,0,NaN,19,3,0,1
2,0,NaN,18,2,1,2
2,0,NaN,17,1,1,2
2,0,NaN,72,4,0,1
2,0,NaN,71,3,1,1
2,0,NaN,70,2,1,2
2,0,NaN,69,1,1,2
2,0,NaN,52,4,0,1
2,0,NaN,51,3,0,1
2,0,NaN,50,2,1,2
2,0,NaN,49,1,1,2
2,0,NaN,4,4,0,1
2,0,NaN,3,3,0,1
2,0,NaN,2,2,1,2
2,0,NaN,1,1,1,2
2,0,NaN,28,4,0,1
2,0,NaN,27,3,0,1
2,0,NaN,26,2,0,1
2,0,NaN,25,1,1,2
2,0,NaN,64,4,0,1
2,0,NaN,63,3,0,1
2,0,NaN,62,2,0,1
2,0,NaN,61,1,1,2
2,0,NaN,32,4,1,1
2,0,NaN,31,3,0,1
2,0,NaN,30,2,0,1
2,0,NaN,29,1,1,2
2,0,NaN,76,4,0,1
2,0,NaN,75,3,0,1
2,0,NaN,74,2,1,2
2,0,NaN,73,1,1,2
2,0,NaN,56,4,0,1
2,0,NaN,55,3,0,1
2,0,NaN,54,2,0,1
2,0,NaN,53,1,1,2
2,0,NaN,36,4,0,1
2,0,NaN,35,3,1,1
2,0,NaN,34,2,1,2
2,0,NaN,33,1,1,2
2,0,NaN,24,4,0,1
2,0,NaN,23,3,0,1
2,0,NaN,22,2,1,1
2,0,NaN,21,1,1,2
2,0,NaN,8,4,0,1
2,0,NaN,7,3,0,1
2,0,NaN,6,2,0,1
2,0,NaN,5,1,1,2
2,1,5,4,4,0,1
2,1,5,3,3,1,1
2,1,5,2,2,1,1
2,1,5,1,1,1,2
2,1,2,12,4,1,1
2,1,2,11,3,1,2
2,1,2,10,2,1,2
2,1,2,9,1,1,2
2,1,1,16,4,0,1
2,1,1,15,3,0,1
2,1,1,14,2,1,2
2,1,1,13,1,1,2
2,1,3,8,4,1,1
2,1,3,7,3,1,2
2,1,3,6,2,1,2
2,1,3,5,1,1,2
2,1,4,8,4,0,1
2,1,4,7,3,1,1
2,1,4,6,2,1,2
2,1,4,5,1,1,2
2,1,2,4,4,1,1
2,1,2,3,3,1,2
2,1,2,2,2,1,2
2,1,2,1,1,1,2
2,1,1,12,4,1,1
2,1,1,11,3,1,2
2,1,1,10,2,1,2
2,1,1,9,1,1,2
2,1,3,4,4,1,1
2,1,3,3,3,1,2
2,1,3,2,2,1,2
2,1,3,1,1,1,2
2,1,4,4,4,1,1
2,1,4,3,3,0,1
2,1,4,2,2,0,1
2,1,4,1,1,1,2
2,1,5,8,4,1,1
2,1,5,7,3,1,2
2,1,5,6,2,1,2
2,1,5,5,1,1,2
2,1,5,12,4,0,1
2,1,5,11,3,0,1
2,1,5,10,2,0,1
2,1,5,9,1,1,2
2,1,4,16,4,1,1
2,1,4,15,3,1,1
2,1,4,14,2,1,1
2,1,4,13,1,1,2
2,1,1,8,4,0,1
2,1,1,7,3,0,1
2,1,1,6,2,1,2
2,1,1,5,1,1,2
2,1,3,16,4,1,1
2,1,3,15,3,1,2
2,1,3,14,2,1,2
2,1,3,13,1,1,2
2,1,2,16,4,1,1
2,1,2,15,3,1,1
2,1,2,14,2,1,2
2,1,2,13,1,1,2
2,1,5,16,4,0,1
2,1,5,15,3,0,1
2,1,5,14,2,1,1
2,1,5,13,1,1,2
2,1,3,12,4,1,1
2,1,3,11,3,1,1
2,1,3,10,2,1,2
2,1,3,9,1,1,2
2,1,1,4,4,0,1
2,1,1,3,3,1,2
2,1,1,2,2,1,2
2,1,1,1,1,1,2
2,1,4,12,4,1,1
2,1,4,11,3,1,1
2,1,4,10,2,1,2
2,1,4,9,1,1,2
2,1,2,8,4,1,1
2,1,2,7,3,1,1
2,1,2,6,2,1,2
2,1,2,5,1,1,2
